{
    "kalilinux": [
        {
            "timestamp": "2025-06-12 10:17:23.577916",
            "answer": "dkkl"
        },
        {
            "timestamp": "2025-06-12 10:17:27.222380",
            "answer": ""
        },
        {
            "timestamp": "2025-06-12 10:17:28.259955",
            "answer": ""
        },
        {
            "timestamp": "2025-06-12 10:17:28.973615",
            "answer": ""
        },
        {
            "timestamp": "2025-06-12 10:20:13.441369",
            "answer": ""
        },
        {
            "timestamp": "2025-06-12 10:20:27.159075",
            "answer": "ds"
        },
        {
            "timestamp": "2025-06-12 10:21:12.441410",
            "answer": "ds"
        },
        {
            "timestamp": "2025-06-12 10:22:12.625628",
            "answer": "ds"
        },
        {
            "timestamp": "2025-06-12 11:07:57.160538",
            "answer": "2025"
        },
        {
            "timestamp": "2025-06-12 11:19:47.551437",
            "answer": "kkjjj"
        },
        {
            "timestamp": "2025-06-12 11:22:06.157029",
            "answer": "mm"
        },
        {
            "timestamp": "2025-06-12 21:00:42.497777",
            "answer": ""
        },
        {
            "timestamp": "2025-06-12 21:00:47.704554",
            "answer": "nan"
        },
        {
            "timestamp": "2025-06-12 21:00:57.583734",
            "answer": "nan"
        },
        {
            "timestamp": "2025-06-12 21:01:05.718694",
            "answer": "hazjhz"
        }
    ],
    "admin": [
        {
            "timestamp": "2025-06-12 21:58:15.061062",
            "answer": "er"
        },
        {
            "timestamp": "2025-06-12 21:58:19.503174",
            "answer": "wer"
        },
        {
            "timestamp": "2025-06-12 22:12:07.188253",
            "answer": "secret"
        }
    ]
}