{
    "kalilinux": [
        {
            "timestamp": "2025-06-11 20:55:28.812196",
            "answer": "ef"
        },
        {
            "timestamp": "2025-06-11 20:55:35.834072",
            "answer": "ef"
        },
        {
            "timestamp": "2025-06-11 21:01:49.782932",
            "answer": "ef"
        },
        {
            "timestamp": "2025-06-11 21:01:54.612817",
            "answer": "jk"
        },
        {
            "timestamp": "2025-06-11 21:02:00.962248",
            "answer": "ef"
        },
        {
            "timestamp": "2025-06-11 21:03:28.106160",
            "answer": "s"
        },
        {
            "timestamp": "2025-06-11 21:05:30.958910",
            "answer": "s"
        },
        {
            "timestamp": "2025-06-11 21:05:43.129641",
            "answer": "s"
        },
        {
            "timestamp": "2025-06-11 21:08:15.802958",
            "answer": "s"
        },
        {
            "timestamp": "2025-06-11 21:11:23.531028",
            "answer": "s"
        },
        {
            "timestamp": "2025-06-11 21:11:53.691596",
            "answer": "s"
        },
        {
            "timestamp": "2025-06-12 02:32:29.179006",
            "answer": "s"
        },
        {
            "timestamp": "2025-06-12 02:32:40.457517",
            "answer": "s"
        },
        {
            "timestamp": "2025-06-12 02:32:57.545975",
            "answer": "sadfre"
        },
        {
            "timestamp": "2025-06-12 08:36:49.612083",
            "answer": "g"
        },
        {
            "timestamp": "2025-06-12 08:39:06.454335",
            "answer": "gws"
        },
        {
            "timestamp": "2025-06-13 12:06:27.399305",
            "answer": "."
        }
    ],
    "admin": [
        {
            "timestamp": "2025-06-13 03:57:55.650570",
            "answer": "a"
        }
    ]
}